alvaradodenise,gonzalezjoel@example.net,Lauren Shaw,M,1977-07-08
jenna09,johnlawson@example.org,Amy Mann,M,1993-04-27
mooretony,andersoncassandra@example.com,Kristin Jacobson,M,1972-03-30
fherrera,carlyvalenzuela@example.org,Joshua Thompson,M,1971-03-08
williamwatson,virginiarobinson@example.org,Nicholas White,M,1994-03-11
masonchristopher,michelle26@example.com,Kerri Hickman,M,2001-12-31
ricardo27,davidbranch@example.org,Stephanie Smith,M,2019-03-01
christian56,greenrandall@example.com,Patricia Schultz,F,1992-05-12
victoriajenkins,gonzalestimothy@example.com,Belinda Graham,F,1997-10-10
jasmineharris,usmith@example.org,Bethany Chung,F,1982-01-26
michaelrobles,michael40@example.org,Travis Carter,M,2020-09-22
fernandeznoah,johnsonmiguel@example.com,Annette Bradley,M,2011-01-30
santanamichael,jamesgraves@example.org,Danielle Wolf,F,1992-02-14
kimberly48,vincent81@example.com,Larry Gillespie,F,1999-12-24
yolanda08,shieldskristin@example.net,Rhonda Hutchinson,F,2007-01-06
hrodriguez,xflores@example.org,Wesley Steele,F,2013-07-16
dunlaprandall,bennettsamuel@example.com,Carrie Sutton MD,M,1972-12-03
johnsonpatrick,jcamacho@example.com,Christopher Chen,F,2019-04-27
victoria28,williamjames@example.org,Dennis Collins,F,1978-10-08
melissastevens,wgarcia@example.net,Peter Phillips,F,1981-04-05
brivers,ywallace@example.com,Cynthia Barnett,F,1996-08-17
smithcassidy,tphillips@example.net,Sheila Wagner,M,1994-09-29
mirandacolton,heather00@example.com,Dr. Patricia Johnson,F,1980-12-07
matthew59,jlopez@example.net,Donna Gregory,M,1972-05-23
rodriguezsheri,kimberlyhouston@example.com,Linda Carroll,M,2011-01-07
herringkim,jordan24@example.com,Kayla Vargas,F,1987-10-08
diazsean,emma55@example.com,Thomas Smith,F,2020-03-10
anthonygardner,ian64@example.net,Samuel Ross,F,1977-08-15
rsharp,williskimberly@example.org,Linda Brown,F,1990-05-27
craig84,mgray@example.com,Angela Martin,F,1990-08-18
tyler71,david86@example.com,Theresa Lopez,M,2014-08-22
danielleprice,grayleslie@example.net,Joy Sanders,M,2007-08-12
alopez,bullockamber@example.org,Sabrina Johnson,M,1986-04-03
mescobar,jennifercompton@example.net,James Nelson,M,1999-02-27
janicepace,carolbutler@example.com,Lee Kerr,M,1989-11-01
patelbrandy,james81@example.net,Linda Jones,F,2016-07-26
gwhite,inunez@example.net,Angela Jenkins,M,1992-05-17
ariel88,stephenburns@example.com,Amy Torres,M,2018-08-20
josephgentry,mary29@example.org,Melanie Jones,M,1977-12-12
juanherring,paynesamantha@example.com,Suzanne Sharp,F,1971-07-21
barbara33,davidcantu@example.com,Laura Cox,F,2022-01-02
hmorton,taylormichael@example.org,Dustin Rios,F,1983-02-09
jacob55,jacob80@example.com,Rhonda Jones,M,1999-06-01
laurarussell,popedwayne@example.org,Abigail Cunningham,M,2018-06-09
pachecomichael,harrisamy@example.net,Jeremy Robinson,F,1976-12-07
loripowell,dennis60@example.org,Austin Bauer,F,2017-03-17
ccook,vancekevin@example.org,Grant Anderson,F,1985-09-14
aguilarsamantha,cblackwell@example.com,Kimberly Wright,M,1978-03-29
alyssa87,brandonjohnson@example.org,Charles Davidson,M,2010-08-03
wwhite,hernandezjamie@example.net,Paul Hayes,M,1971-06-24
orozcojason,mharris@example.net,Jeanne Sanchez,M,1975-08-20
odavila,ashleysherman@example.com,Kari Coffey,F,2018-11-22
hoffmanyvonne,zachary30@example.net,Zachary Summers,F,2013-01-29
havila,qortiz@example.net,Marie Riley,M,2004-09-11
csparks,kathy28@example.org,Pamela Shannon,M,1994-09-21
johnsongary,salaskarina@example.com,Matthew Garza,F,2010-08-13
katherinevang,everettdouglas@example.com,Brittany Duran,M,1970-10-29
sheryl45,kristina79@example.org,James Mcdaniel,M,1998-09-29
qbell,gilmorecarly@example.net,Timothy Howard,F,1977-09-02
evansmegan,rpham@example.com,Timothy Gutierrez,F,1982-09-22
geoffrey15,jodycarroll@example.org,Yvonne Wilson,F,1997-07-29
paulgallagher,williamsjesse@example.org,Matthew Dawson,M,1983-01-25
moorechristina,brian96@example.org,Sonya Harris,F,2020-01-02
lmack,andrea43@example.com,Austin Phillips,F,2019-05-27
llam,campbelljoel@example.net,Dr. Samuel Stone,F,1977-06-26
ygreen,calvin31@example.com,James Mcneil,M,2011-06-18
ambermurphy,laurenrodriguez@example.net,Kathryn Ward,F,1978-02-06
whall,vjacobs@example.com,Rachel Williamson,M,2006-03-04
taylorkrystal,hannah45@example.org,James Alexander,F,2002-04-23
ethanlang,salazarkatrina@example.net,Michael Stone,F,1996-04-26
wevans,csmith@example.net,Brenda Nixon,F,2000-12-14
ericaprice,waltoneric@example.org,Cassidy Hernandez,F,1972-12-01
longzachary,kevin15@example.org,Gregory Harris,F,1996-09-01
crodriguez,owensmarvin@example.org,Brandon Wilson,F,2020-07-19
brian91,larrynelson@example.com,Andrea Rollins,M,1997-05-16
echan,yhernandez@example.com,Caitlin Rivera,F,1992-11-18
rpeck,juanerickson@example.com,Bradley Smith,F,1977-06-01
daniel01,sara47@example.com,Sergio Jones MD,M,2019-10-08
emilythomas,zmontgomery@example.net,Robert Robbins,M,2000-09-01
alvarezjustin,stephaniescott@example.net,Megan Scott,M,1972-03-15
stephencisneros,walltheresa@example.org,Christina Burton,M,2006-03-25
melissadiaz,vanessapoole@example.org,Scott Underwood,M,1974-09-08
ashleysmith,hallrussell@example.com,Cynthia Solis,F,2014-08-03
madison62,fwilliams@example.org,Robert Vaughn,F,2016-08-30
roykimberly,heather02@example.net,Paul Martin,M,1995-02-13
kristin81,maxwell58@example.com,April Payne,M,2003-03-15
douglaspatterson,megan34@example.com,Rachel Perez,M,1974-07-10
cindysingleton,natasha46@example.net,Cathy Garcia,M,2007-11-19
nelsoncorey,oelliott@example.net,Jasmine Simpson,F,2005-09-02
ymason,joseph18@example.com,Mario Howard,F,1988-03-01
deborah75,zhart@example.org,Amanda Rowe,F,2007-02-16
marroyo,johnsonandrew@example.org,Cynthia Fisher,F,2017-09-23
bradley36,christophervance@example.net,Donald Wang,M,2010-11-28
coxdavid,cindyprice@example.com,Jenna Stanley,F,1980-10-13
dchurch,samantha00@example.net,Virginia Roberson,M,1992-08-05
nathanphillips,castanedawanda@example.com,Cheyenne Palmer,M,2012-09-15
lawrencejennifer,iburns@example.net,Mark Hahn,M,2004-02-26
randy37,westisaac@example.org,Timothy Keller,M,2015-06-24
dunnbarbara,vernonlopez@example.org,Christopher Jones,F,2008-10-28
farleygary,karenreed@example.com,Erin Davis,M,1986-06-05
jon74,ebyrd@example.com,Jesse Love,M,2008-11-04
tbartlett,poolerobert@example.org,Nathan Nelson,M,2002-07-15
robinsontimothy,hughestroy@example.com,Kevin Holder,M,2002-08-02
ambercruz,guzmandalton@example.org,David Brown,M,1977-09-14
derekcarter,michaelross@example.org,Alyssa Fitzgerald,F,1973-12-19
charles31,xhess@example.org,Elizabeth Yates,F,1984-01-25
llong,johnjohnson@example.org,Raymond Johnson,F,1973-09-26
lopezwendy,jwilliams@example.com,Cody Davis,M,1989-12-21
michaelgarcia,morriskevin@example.com,Timothy Johnson,F,1980-09-07
thompsonjames,xjohnson@example.org,Sarah Stephenson,F,1989-11-02
sdavis,martinlisa@example.net,Nancy Randolph,M,2013-03-24
watsonshelley,elizabeth64@example.net,Gregory Jackson,M,1995-01-09
vblackwell,wmiller@example.com,Benjamin Smith,M,1988-02-07
znicholson,noahlopez@example.net,Beth Reed,M,2002-09-04
hayley18,brendawoods@example.net,Elizabeth Wilson,M,1999-01-23
angela38,patricia35@example.org,Michael Pratt,F,1998-04-04
nicholas44,millerleslie@example.com,Barbara Ellis,M,1997-10-12
sean97,kathleenhaynes@example.org,Hannah Hill,F,2007-11-08
fredericktaylor,kathleencohen@example.com,Eric Moore,F,2015-06-06
gravesjoann,jason45@example.com,Angela Le,F,1986-05-27
mgarcia,pchen@example.com,Joseph Green,F,2001-10-10
hensleyscott,jill77@example.net,Jeremy Dixon,M,2000-01-20
amoore,leekevin@example.com,Marc Jones,F,1973-06-02
justinoneill,changtyrone@example.net,Kathleen Dyer,F,2017-01-09
melissahall,martinezwilliam@example.net,David Barron,M,1995-03-27
slee,yvonne06@example.org,Matthew Chapman,F,1999-02-20
victoria05,jessica83@example.net,Kiara Smith,M,2004-11-16
ronald69,eric32@example.com,Wendy Cooper,M,2019-09-15
ian36,richard34@example.com,Joshua Young,F,2014-04-20
wsoto,james01@example.net,Randy Hickman,F,1993-04-24
nicole72,sean41@example.org,Kathryn Russell,F,1973-09-27
kimberly54,hendersonjames@example.org,Melissa Gonzalez,F,1995-02-04
gtran,usmith@example.com,Elizabeth Morris,F,2020-05-31
hopkinsamy,charlesanderson@example.com,Barbara Sanchez,F,2019-04-18
annecook,joshuamiller@example.org,Kimberly Hall,M,2003-11-02
bcastro,ujohnson@example.org,Kayla Lee,F,1980-08-15
tracicampbell,richard20@example.com,Eric Stewart,F,1971-01-07
lindseyrodriguez,birdnathan@example.com,Jared West,M,1989-06-03
richard20,vcase@example.com,Madison Turner,M,2016-10-27
joseph42,yclayton@example.org,John Glenn,M,1975-12-30
leonfrancisco,charleshahn@example.net,Jeffrey Oliver,F,2012-03-10
ericbennett,smithjoel@example.com,Scott Bennett,M,1973-05-08
jason29,vgutierrez@example.com,Rebecca Roberts,F,2000-02-10
austin01,elizabethscott@example.com,Bryan Smith,M,2000-11-27
hillkenneth,kristinwerner@example.org,Jeffrey Johnson,F,2021-04-08
twilliams,cameron40@example.org,Madeline Smith DVM,F,2005-07-19
cassandra77,dustinshields@example.org,Madison Barnes,M,1985-11-24
tmorales,clifford60@example.net,Angelica Becker,M,1994-10-25
donald60,nancy98@example.com,Amanda Ward,M,2007-05-09
lucasnicole,ocameron@example.com,Christopher Keith,M,2016-06-18
xgonzalez,ellisonanna@example.org,Marvin Phillips,F,2003-12-28
george27,alexparker@example.net,Alicia Willis,F,2016-07-23
ksims,jose89@example.org,Adriana Cobb,M,2005-01-21
jonesanita,sarahwilliams@example.org,Brittany Hall,M,2012-08-03
romeroalison,johnellis@example.org,Joseph Jackson,M,2020-06-30
gsmith,allen69@example.net,Mr. Kristopher Griffith,F,2014-09-11
charlesbuckley,elizabeth31@example.net,Michael Jackson,F,2020-07-03
larsonaaron,logansmith@example.com,Robert Robinson,F,1975-10-27
dana09,victoriachang@example.com,Michelle Gill,M,2017-11-11
matthew27,duranmichael@example.org,Kimberly Moreno,F,1980-07-17
xnelson,zbishop@example.org,Dawn Hamilton,M,2000-10-01
ggonzales,lcurry@example.org,Darrell Johnson,F,1995-03-22
david01,galvanrebecca@example.net,Denise Allen,F,2002-03-08
vnguyen,caitlinturner@example.net,Deborah Guzman,F,2009-07-11
brandon76,qpetersen@example.net,Michael Jenkins,F,1974-06-11
zchristensen,brittany55@example.net,Valerie Andrade PhD,F,1989-06-19
nriggs,jacobsrebecca@example.net,Mr. Nicholas Bowers,F,1990-05-25
gonzalesmary,jimmyhoward@example.org,Mark White,M,1977-02-02
charles37,joshuabrady@example.org,Troy Woods,M,2021-01-07
fieldsnicholas,meyermichael@example.org,Michael Bradshaw,F,2006-03-04
dmonroe,dmoreno@example.com,Cory Thompson,F,2016-08-02
susanchandler,rlove@example.org,Jeffrey Bennett,F,1998-10-05
alanmiller,christina52@example.com,Michelle Coffey,M,2008-10-25
carlaflowers,jasmine12@example.com,Ronnie Sloan,M,1970-03-06
zpalmer,kelly63@example.com,Mark Wagner,F,2001-10-06
brooksalicia,areed@example.com,Robert Hunter,M,1996-09-21
donaldsmith,eric47@example.com,Mr. George Lowe PhD,M,1991-07-17
monicanelson,nashjoshua@example.org,David Hopkins,F,1991-01-22
jamiemorrow,maria21@example.com,Lynn Wolf,F,2003-04-19
christopherlong,jennifer49@example.com,Jessica Rice,M,1973-03-30
tommclean,samuel03@example.com,Linda Wilson,F,2014-12-27
smithjustin,jfisher@example.com,John Dean,M,1979-10-13
stacydavis,michelle44@example.net,Kim Cole,F,2005-03-10
nstevens,charleswest@example.net,Austin Le,F,1983-03-19
davidfuller,justinpowell@example.com,Jennifer Davidson,M,2012-07-12
angelasimmons,elizabeth46@example.com,Jeffrey Stone,M,2020-01-12
molinalori,crystalthomas@example.net,James Jacobs,F,1976-03-05
tprice,jjones@example.com,Jennifer Hunter MD,M,1975-10-31
connie40,ualexander@example.com,Gregory Roach,F,1972-04-04
sethmiller,jjackson@example.net,Sarah Ruiz,M,1985-03-11
johnmccarthy,romanalyssa@example.com,Patrick Huffman,M,1985-04-20
lynchheather,walkerjames@example.net,Paul Williamson,F,1996-03-01
richardandrews,kenneth24@example.com,Mary Jensen,F,1982-11-24
heather82,ricardosmith@example.org,Joel Nguyen,F,2002-10-27
nicolesimmons,davidriley@example.org,Allison Bishop,M,2000-04-26
williamschristopher,reidkaitlin@example.com,Ashley Murphy,F,2017-09-21
sherry92,matthew58@example.com,Robert Wells,M,1988-11-27
ashley23,priceanna@example.net,Kevin Jenkins,F,2003-04-19
xedwards,nfrazier@example.net,Jason Wong,M,2003-09-10
kathy20,rileycynthia@example.net,Zachary Guzman,F,1978-12-13
rhayes,hwalton@example.com,Christine Sanchez,F,2000-09-05
melissanewman,sward@example.net,Becky Short,F,2004-03-20
dreed,jason23@example.net,Kevin Cannon,F,2019-09-12
jeffburton,erobertson@example.com,Christine Graham,M,2005-06-19
rogerjones,jennifer83@example.org,Nicole Mcknight,M,2018-07-03
aguirreheather,kelly45@example.com,Travis Miller,M,2015-11-21
vhernandez,patriciawilson@example.org,Whitney Browning,F,1973-06-28
dukekrista,oscarvalenzuela@example.com,Donald Perez,F,2007-09-20
vanessa00,lroberson@example.com,Heather Johnson,M,2004-06-27
mitchell12,qlawson@example.net,Colin Rivera,M,1979-10-30
bgriffin,amy07@example.net,David Jones,F,1998-03-07
mark32,tcruz@example.com,Laura Vaughn,F,2017-02-24
jennyperez,lisa02@example.com,Laura Cannon,M,1972-02-07
charlesdiaz,oscaralvarado@example.org,Charles Perry,M,1974-03-23
twoods,cbruce@example.com,Jacqueline Shaw,M,1978-04-25
robertsmatthew,khendrix@example.org,Nancy Wilson,F,1994-08-28
richardmartin,wattsryan@example.com,Jesse Pierce,M,1996-01-12
smithtimothy,donaldsonmelinda@example.org,Rachel Turner,M,1982-05-01
osmith,cowens@example.org,Nicholas Jones,M,1980-02-27
dnguyen,aguilarlindsey@example.com,Barbara Dixon,M,1971-03-02
sylvia22,ubrown@example.com,Jeffrey Gibson,F,2001-07-12
zwarner,brenda71@example.org,Dan Moran,M,1982-01-05
dbaker,johnheath@example.org,Victor Kelly,M,2005-04-10
iirwin,htaylor@example.net,Megan Ramirez,F,1997-06-12
michelle21,udonaldson@example.org,Rodney Green,F,2006-05-29
christinewheeler,anita02@example.net,Angela Owens,F,1984-08-27
turnerkaren,piercenathaniel@example.com,Michael Jackson,F,2002-06-06
natalie84,gmcgee@example.net,Heather Chambers,M,1983-08-15
markchan,courtneycontreras@example.org,Curtis Morales,M,1972-09-23
micheal12,tiffany01@example.net,Dennis Johnson,M,2009-01-23
robert78,amanda28@example.com,Eric Anderson,F,1991-01-17
nicole86,ericamorris@example.net,James Brown,F,1974-06-26
jensenfrank,samueldoyle@example.net,Derrick Reid,F,1981-02-22
halljohn,aliciamartinez@example.net,Jordan Nguyen,M,1987-04-03
ttownsend,steven76@example.org,Edward Gilbert,M,1973-01-02
luis99,fred62@example.org,Edward Neal,M,2011-09-21
andrew64,jennifer98@example.com,David Miller,M,2004-07-27
carrie18,james40@example.net,Christine Norris,F,1982-05-18
khill,xrush@example.com,Jeffrey Maldonado,F,2006-10-06
holly57,jacquelinekane@example.com,Clifford Lester,M,2011-10-30
garciadawn,teresa96@example.net,Michelle Moore,F,1978-04-04
john47,batesjeffrey@example.net,Joseph Williams,M,2020-01-17
scott59,ayaladylan@example.org,Chris Luna,M,1980-08-24
hollandkenneth,asherman@example.org,Nathaniel Garrison,M,1996-06-20
cclark,charrison@example.net,Sarah Ford,F,2007-10-31
spencer66,williamsbryan@example.com,Brian Patton,M,1978-02-07
hallstephanie,warneralejandro@example.org,Theodore Reyes,M,1990-07-09
william23,davischarlene@example.org,Alison Johnson,F,1992-04-16
tracey09,qrose@example.net,Jason Wood,F,1977-11-07
tkelly,larry97@example.net,Erica Simmons,M,2022-05-17
michellemcgee,ashleytaylor@example.net,Kevin Bennett,F,2008-05-02
hannajanet,kendra93@example.com,Glenn Edwards,F,2021-12-02
johnmartin,thomasrice@example.com,Anne Thompson,F,2018-01-19
baileyjoshua,traceywarner@example.com,Joel Rodriguez,F,2004-06-22
kwilliams,kelsey96@example.org,Amanda Aguilar,M,2018-12-08
clarkjohn,james51@example.net,Nicole Harrington,F,2020-11-30
madison81,robinyoung@example.net,Joseph White,F,2021-11-29
navarrojessica,sarahbrown@example.com,Dr. Wendy Shea,F,2016-05-14
garrettlaura,sbeck@example.org,Valerie Wilson,F,1972-04-22
justin23,hbarrett@example.org,Megan Porter,F,1997-06-17
williamsparks,edunlap@example.com,Francisco Bennett,M,1980-02-21
alyssafrench,coreysimmons@example.com,Diana Snow,F,2013-01-16
nathan10,jill00@example.com,Darren Hardin,F,1988-07-24
qthomas,michael57@example.org,Madison Flynn,F,2001-12-06
mcdowellmatthew,vrogers@example.org,Pamela Barron,M,2011-01-15
shannondavis,nproctor@example.org,Jonathon Adams,F,1979-09-30
robert68,martinezcory@example.net,Aaron Walters,F,2008-04-22
richardwallace,jhernandez@example.net,Timothy Combs,M,2021-07-25
kiara02,moseslisa@example.net,Kelli Humphrey,F,2018-02-04
paul25,cindy10@example.com,Joshua Pitts,F,1998-02-18
heidi21,kellyjohnson@example.com,Kiara Lawrence,M,2001-02-06
andrewjohnson,samanthamahoney@example.org,John Estrada,M,1971-11-04
atkinsjoanne,smithchristina@example.com,Heather Potts,M,2014-04-30
omercado,ylee@example.org,Kathryn Edwards,F,1990-11-21
tsawyer,melissa40@example.com,Nathan Shepherd,F,1978-11-24
melissanavarro,dawnlopez@example.net,Angel Fernandez,M,2019-06-21
morenoshannon,amyzuniga@example.org,Dwayne George,F,2003-10-31
darlene21,mendozaphilip@example.org,Albert Larson,F,2014-09-11
sdiaz,ccruz@example.com,Melissa Powell,F,1985-01-12
yphelps,matthewpalmer@example.com,Stacey Hall,F,1987-11-03
imedina,alishaadams@example.org,Austin Rogers,F,1999-10-28
yclark,pjohnson@example.net,Melissa Anderson,M,2009-10-05
suttonchristopher,timothygallagher@example.net,Katie Newman,M,2002-01-15
jsnow,peggygutierrez@example.com,Ashley Johnson,M,1990-05-20
marquezvanessa,john06@example.org,Carrie Bradley,M,2003-03-15
jasonsmith,robin12@example.net,Jessica Miller,F,1984-03-05
wruiz,caroljohnson@example.org,Ashley Williams,F,2012-03-28
deborah00,cannonanna@example.com,Michael Webster,M,2006-01-01
wrightgregory,campbelljessica@example.net,Allen Stewart,F,1983-05-07
emcintyre,fordkimberly@example.net,Stephanie Clark,M,1975-11-29
rsnow,martinezthomas@example.org,Lauren Jackson,F,1978-06-07
michaelreed,amber12@example.net,Christina Sampson,F,1999-08-21
alejandrarogers,velazquezjohn@example.com,Jordan Walter,M,1995-04-30
jasmine01,umanning@example.net,Virginia West,M,2015-09-26
greenemarcia,gdaniels@example.org,James Kidd,M,1990-02-26
deborah75,claudia71@example.com,Amy Diaz,F,1970-02-19
mindy55,wolfeashley@example.org,Michael Cabrera,F,2001-04-04
mark95,jgarcia@example.net,Elizabeth James,F,1991-07-08
johnvalentine,victor49@example.org,Mrs. Mary Howard,M,2001-07-04
halleric,powellmichael@example.net,Carl Sanford,M,1975-06-17
ttaylor,sarah55@example.org,John Hogan,M,2005-03-03
lisa10,kathleen99@example.net,James Blake,F,2007-03-12
kaitlin57,xwilliams@example.org,Colleen Rodriguez,F,2002-12-21
thomasgonzalez,tvasquez@example.org,Sarah Morgan,F,1987-08-15
rodriguezmelissa,thorntonmegan@example.org,Sabrina Rodriguez,M,2011-04-01
nguyennancy,jillian23@example.com,Mrs. Catherine Berry,F,1977-03-01
kayla63,cynthia16@example.net,Ebony James,F,1995-11-26
cforbes,foxaaron@example.net,Megan Webb,F,1971-01-08
ltate,sle@example.org,Jessica Anderson,F,1992-05-07
hschwartz,jason10@example.org,Ronald Bender,F,1977-05-20
wramirez,nponce@example.org,Emma Martin,F,2014-07-24
rocharobert,dsanford@example.net,Laura Bell,M,1988-10-30
jacksonmichael,matthewhudson@example.net,Rebecca Myers,M,2016-07-09
brittanycurtis,andrew70@example.org,Lisa Sanders,M,1977-01-23
kathyevans,leestephen@example.net,Breanna Salazar,M,1984-03-16
htapia,smithrobert@example.org,Andrew Montoya,M,2014-12-06
cyoung,jamiemcconnell@example.org,Robin Singh,M,1981-01-21
howard39,williamhale@example.org,Andrew Morris,M,2012-04-26
tami25,coreyjones@example.net,Curtis Brown,F,2015-10-25
tylerlopez,johnsonpam@example.org,Mrs. Abigail Parker,M,2016-05-10
brooksbrian,kimlee@example.com,Paula Miller,M,2021-11-09
bauerbrianna,lgarcia@example.org,Christine Smith,M,2013-04-24
dana62,wendy39@example.net,Ryan Anderson,M,1995-04-06
davidwalsh,mcintoshkelly@example.com,Jesse Gonzalez,M,1979-07-14
emiller,shawn06@example.com,Annette Hale,F,2016-01-31
oward,mercadopatricia@example.com,Pamela Reed,F,2006-03-10
vincentjackson,johnnymcgee@example.net,Melissa Mcintyre,M,1973-06-20
ledavid,qberry@example.net,Nicholas Martinez,M,2015-05-16
wrichardson,ymcguire@example.net,Jennifer Wilkins,F,2018-03-10
angela15,lindamartin@example.org,Miranda Yang,M,2020-05-01
theresa34,tina80@example.com,Robert Lopez,F,2013-12-02
beardaaron,jeffrey06@example.net,Carl Wagner,F,1978-09-17
ptran,pughshari@example.org,Natasha Smith,F,2013-12-10
kingjohnny,alexander60@example.org,Katherine Montgomery,M,2017-12-29
vgray,ladams@example.com,Dr. Michael Davis,F,1998-02-15
leetami,elizabethglenn@example.com,Tina Fuentes,M,1978-04-24
wlowe,rhardy@example.net,Matthew Gomez,M,2010-10-21
brian53,jenniferlee@example.net,April Perez,M,2001-02-06
michaelsmith,justin82@example.net,David Walker,F,2003-04-25
jasonnguyen,smithcynthia@example.net,Megan Beck,F,1981-11-15
zwatts,kristinmedina@example.net,Benjamin Schmitt,F,1974-06-26
mitchellrussell,parkercasey@example.com,Elizabeth Faulkner,F,1988-10-01
jimenezangela,singhkevin@example.net,Cody Monroe,M,2000-02-08
mitchellestrada,thomasevans@example.com,Rebecca Hamilton,M,2010-03-22
lynnpatrick,juliesmith@example.net,Donna Bruce,M,2022-08-09
williamsfrederick,millerchristina@example.net,Ashley Sanchez,M,2000-06-21
uluna,vasquezteresa@example.net,Sharon Garcia,F,1996-07-15
ricardo21,jasonsimpson@example.org,Brittany Brown,F,2014-07-07
ymccarty,andreahunt@example.com,Christopher Edwards,M,2016-07-09
angela82,townsendashlee@example.net,Corey Burton,M,2013-09-08
krausekatie,anthonymurphy@example.org,Shannon Lewis,F,2003-09-01
jharris,bvasquez@example.net,Nicole Murphy,F,2015-08-17
rebecca01,jeffrey07@example.org,Julian Hayes,F,1991-12-04
sweeneycarrie,rhardin@example.com,Steven Mercer,M,2010-12-05
weavercandice,douglas70@example.net,Ian Brown,M,1989-05-11
agomez,pstephens@example.com,Angela Carter,M,2001-07-24
josephjones,mcontreras@example.com,William Ramirez,F,1979-09-20
michellehicks,lisa03@example.net,Kristin Anderson,M,1970-05-11
nmoody,joannamoran@example.org,Melinda Perez,F,2013-09-05
stuartosborne,summersrobert@example.net,David Hodges,F,1971-10-16
zlynch,amy75@example.com,Taylor Ward,M,1987-06-18
carlsonbrian,emilybishop@example.org,Cody Sanchez,M,1971-07-02
michael81,stephenbishop@example.net,Madeline Armstrong,F,2017-05-31
igreen,lori52@example.com,Michelle Schultz,M,1970-06-28
uwalker,riggstracey@example.net,Kara Leon,M,1992-03-16
hsimpson,hburnett@example.com,Ashlee Parker,F,2000-10-03
donnamarks,david52@example.org,Amber Jackson DVM,M,1985-05-07
qrodgers,dconrad@example.org,Darren Acevedo,M,2011-06-22
qvelasquez,hardingheather@example.com,Barbara Mcbride,F,2010-04-20
kenneth18,reginamartinez@example.com,Andrew Solomon,M,2018-10-26
carrie67,dmartin@example.org,Jason Tucker,F,1970-06-26
lewisheather,kimberlyjohnson@example.com,Catherine Murillo,M,1971-04-27
coxjoseph,waltergriffin@example.com,Emily Pierce,F,1989-01-14
aturner,katie19@example.net,Eric Webb,M,1985-07-18
catherine70,luis10@example.com,Jordan Roy,M,1991-09-27
keith90,deborah73@example.org,Michael Khan,F,1992-07-30
evansstephanie,cscott@example.com,Thomas Jones,M,1996-03-24
lancecastro,nphillips@example.net,Joanna Berger,M,2019-02-28
ysellers,daniel26@example.org,Mrs. Jennifer Carter,M,1979-09-15
millerjoel,shaneruiz@example.com,Sophia Mason,F,1993-07-08
yhenry,thompsonlinda@example.org,Diane Williams,F,1976-12-08
lauren88,irussell@example.org,Natalie Garcia,F,1994-03-05
pburnett,rebeccastewart@example.org,Brittany Olsen,F,2013-12-22
rebeccakirk,gboyd@example.org,Erin Henry,F,2005-04-08
thomasbernard,rfranklin@example.com,Justin Hunter,F,1975-11-27
shendricks,jackmiller@example.com,Eduardo Tran,F,1986-12-06
cranedavid,wongjessica@example.net,Richard Collins,F,1993-07-23
john31,debbiemurphy@example.com,Mrs. Jacqueline Love,M,1983-08-28
vaughnjonathan,abbottsteven@example.com,Daniel Campbell,F,1974-05-13
thomasprince,nicholas95@example.com,Timothy Deleon,M,1986-02-17
moralesbryan,fbryan@example.net,Jeffrey Rodriguez,F,2007-06-11
garciajustin,vincent46@example.org,Gary Yoder,F,2012-06-07
arivera,gregory22@example.org,Heather Thomas,M,2005-01-31
johnsonalisha,dbutler@example.com,Christina Cunningham,M,1975-01-18
joshuaclark,lisasingh@example.org,Joseph Smith,M,1997-12-04
gpowell,mary18@example.com,Sheri Lloyd,F,1974-08-05
margaret10,mcollins@example.net,Sara Rhodes,F,1978-02-21
michaelsanchez,lroberts@example.org,Ryan Bartlett,M,2014-12-19
brandyhughes,tbrewer@example.org,Kevin Collier,M,2014-04-21
michaelbutler,rbailey@example.org,Krista Jackson,M,1984-06-09
grant71,williamsnatalie@example.net,Richard Coleman,F,2021-05-15
justinwhite,kvillarreal@example.org,Gregory Wallace,F,1986-09-21
thomasadam,cbowman@example.com,James Estrada,F,2015-11-27
jason35,joshuahayden@example.net,Kevin Black,F,2020-01-12
dylan64,lisa66@example.net,Michael Young,M,2016-09-10
cole80,umoreno@example.net,Jessica Wong,M,1973-06-06
suzanne19,bethhopkins@example.net,Alexander Williams,M,1975-08-22
obecker,lperry@example.net,Howard Bernard,F,1986-06-21
simmonsmalik,martinezsherry@example.net,Edwin Cannon,M,1995-02-22
cameron66,keith87@example.com,Kayla Arnold,M,2019-12-30
edwardscindy,david43@example.org,Jason Kim,M,2012-09-04
amy64,mariaross@example.com,Sarah Wells,F,1973-06-11
morganmunoz,elizabethgarcia@example.com,Anthony Miller,F,2015-03-01
oharris,fmarquez@example.com,Brandon Chung,F,2018-10-07
alexis72,paynetina@example.com,Michael Keller,F,1972-02-26
kellybeltran,jessica71@example.net,Jerry Leonard,F,2012-06-17
smithjulia,brooke05@example.org,Christopher Wagner,F,1975-12-18
gavin00,nlewis@example.org,Angela Ramirez,M,2006-09-14
michellehernandez,rebeccaramirez@example.org,Pamela Hunt,F,2015-01-25
bchaney,zimmermananna@example.org,Leslie Hill,F,2018-11-17
adrianbyrd,qjohnson@example.org,Kenneth Giles,M,1993-10-17
rwilliams,teresapowell@example.org,Daniel Cain,F,1972-01-15
xpeterson,leslie04@example.org,Michelle Jenkins MD,M,1982-01-09
briansmith,christopher23@example.org,Katherine Wilson,M,1976-06-29
mcclainpaul,cmitchell@example.org,Richard Edwards,M,1987-09-18
srivera,larry86@example.com,Timothy Garrett,F,2017-09-30
calebrivers,blackburnjessica@example.org,Tanya Boyle,F,1996-12-20
zmullen,smithnatasha@example.org,Jon Estrada,M,2016-11-07
kellerchelsea,brenda79@example.com,Ana Patterson,F,1979-11-10
joy80,turnerlindsey@example.com,Donald Adams,M,1987-06-16
ddavis,timothy51@example.com,Thomas Howard,F,1985-12-08
anneking,todd00@example.net,Michael Ramos,M,1983-12-13
rcooper,andrewsmith@example.net,Eric Moore,F,2004-06-30
ywebb,awall@example.org,Mary Hoover,F,1988-08-02
ramirezalan,donaldmccarthy@example.net,William Wilson,F,2011-02-01
campbellbenjamin,sroberts@example.com,Suzanne Taylor,M,1971-01-11
crasmussen,qcook@example.net,Ashley Brown,F,1987-02-12
alexa24,webbbrooke@example.com,Jessica Schneider,F,1997-05-17
stephanie85,cameron29@example.org,Vernon Mcguire,M,1987-01-10
martindavid,mcconnellemily@example.net,James Thomas DDS,M,2000-12-05
ashley26,angelaharris@example.net,Nicole Long,M,1973-05-23
yorkjennifer,gonzaleztoni@example.net,Justin Keith,F,1990-02-11
mistyharrington,qanderson@example.com,Dr. Raymond Pearson,M,2021-10-24
elizabethvaughan,carlos97@example.com,Sara Stewart,M,2016-06-01
jeffwhite,stacy40@example.com,Kayla Richard,M,1977-05-10
owenscourtney,peterholmes@example.net,Elizabeth Williams,F,2015-01-24
patrick83,terry22@example.org,Mario Cisneros,F,1983-12-30
keverett,janet01@example.net,Curtis Jacobson,M,1982-07-02
james06,roberto97@example.com,Beth Hodge,M,2010-04-01
michaelcole,luke78@example.net,Catherine Young,F,1986-11-02
zstewart,lori79@example.com,Gary Tran,M,2016-10-23
bcurry,sharonmoody@example.net,Dr. John Hudson DDS,F,1997-11-22
gwest,melissatucker@example.org,Dr. Danny Bartlett,F,1989-11-10
lindajenkins,millerchristopher@example.org,Hannah Ray,M,2009-11-23
igomez,jennifercooper@example.com,Tracy Singh,M,1987-07-05
washingtonseth,lauren47@example.com,Isabella Reeves,M,1997-12-06
lori81,nicholaswood@example.com,Brandy Richmond,F,1997-09-02
courtney04,ericsmith@example.org,John Brown,M,2005-04-04
jamesmelton,vnewman@example.net,Bonnie Watkins,F,1994-08-19
ulandry,chrisramsey@example.org,Jasmine Craig,F,2004-01-16
erin03,elizabeth86@example.com,Tracey Cooper,M,1976-05-08
mmartinez,kdalton@example.org,Thomas Kelley,M,2006-08-22
omcgee,lewissharon@example.org,Manuel Finley,F,1979-02-17
pwashington,pamelajohns@example.org,Jamie Perez,F,2001-03-27
vmanning,gerald53@example.com,Adam Lewis,M,1990-05-24
icoleman,solisashley@example.org,Destiny Johnston,M,2017-10-12
matthewdavenport,bridget86@example.org,Kevin Beltran,F,1993-02-09
farmerlisa,cwebb@example.net,Elizabeth Lowery,F,1986-02-09
kentberry,nelsoncindy@example.net,Jason Warren,F,2022-06-22
dcollins,ocarson@example.net,Jessica Cox,M,2010-07-24
awilcox,larry06@example.net,Kerry Mitchell,M,2015-03-19
sflynn,judy48@example.com,James Webb,F,2007-07-18
castilloelizabeth,monicabooker@example.com,Karen Harper,F,2002-09-04
meyersmichelle,michelle14@example.com,Sean Bonilla,M,1979-05-17
twatkins,nicole59@example.com,Kristin Lambert,F,2012-02-19
gonzalezjill,hansentyler@example.org,James Matthews,F,2019-07-08
soniabryant,davidsmith@example.com,David Pena,F,1974-11-28
garciaalexander,marygraham@example.com,Jennifer Berg,M,1983-11-07
douglas80,gchandler@example.org,Jaime Sanchez,M,1993-03-10
devinwarren,thomaskatherine@example.org,Judith Marshall,M,2013-09-10
lovejesus,breed@example.org,Adriana Chang DDS,F,2004-11-05
reevessean,martinezerin@example.org,Kendra Carter DDS,M,2000-09-06
robin03,qtodd@example.com,Brian Hall,M,1988-03-14
joshua56,talexander@example.org,Stephanie Peters,F,1995-04-09
qgolden,betty05@example.org,Ann Gonzalez,M,2003-06-11
kelleycourtney,vasquezjonathan@example.com,Anthony Jackson,M,1982-08-28
victoriabarrett,brett81@example.com,Alexandra Acosta,M,2018-03-29
ndecker,leahgilbert@example.com,Christina Stewart DVM,F,2002-03-09
uquinn,cmoore@example.com,Kimberly Mckinney,F,1977-04-22
yshort,friedmandavid@example.org,Melissa Hall,M,2013-08-13
evanray,anthonyking@example.net,Jerome Nguyen,F,2005-04-29
cschneider,ascott@example.com,Adam Johnson,M,1979-09-23
reginaldlevine,riverataylor@example.net,Kathleen Palmer,F,1995-09-20
ewhite,rhondarichardson@example.org,Andrew Lewis,M,1987-11-05
qlambert,perezmichael@example.org,Jennifer Nichols,F,2004-08-30
ymcmillan,hlong@example.com,Jeffery Delgado,F,1980-09-27
rschultz,nathan16@example.org,Kristen Foster,F,2014-06-09
nicholasharmon,brandon54@example.com,Jaime Savage,F,1988-01-19
mcollins,lloydscott@example.com,Kendra Reyes,M,1973-11-07
